exercise_id,scale,chord_progression,tempo
1,G,"G,C,Em,D,D7",40
1,G,"G,C,Em,D,D7",50
1,G,"G,C,Em,D,D7",60
1,G,"G,C,Em,D,D7",70
1,G,"G,C,Em,D,D7",80
1,G,"G,C,Em,D,D7",90
1,G,"G,C,Em,D,D7",100
1,G,"G,C,Em,D,D7",125
1,G,"G,C,Em,D,D7",150
1,G,"G,C,Em,D,D7",175
1,G,"G,C,Em,D,D7",200
2,Em,"Em,C,G,D,D7",40
2,Em,"Em,C,G,D,D7",50
2,Em,"Em,C,G,D,D7",60
2,Em,"Em,C,G,D,D7",70
2,Em,"Em,C,G,D,D7",80
2,Em,"Em,C,G,D,D7",90
2,Em,"Em,C,G,D,D7",100
2,Em,"Em,C,G,D,D7",125
2,Em,"Em,C,G,D,D7",150
2,Em,"Em,C,G,D,D7",175
2,Em,"Em,C,G,D,D7",200
3,C,"C,F,Am,G,G7",40
3,C,"C,F,Am,G,G7",50
3,C,"C,F,Am,G,G7",60
3,C,"C,F,Am,G,G7",70
3,C,"C,F,Am,G,G7",80
3,C,"C,F,Am,G,G7",90
3,C,"C,F,Am,G,G7",100
3,C,"C,F,Am,G,G7",125
3,C,"C,F,Am,G,G7",150
3,C,"C,F,Am,G,G7",175
3,C,"C,F,Am,G,G7",200
4,Am,"Am,F,C,G,G7",40
4,Am,"Am,F,C,G,G7",50
4,Am,"Am,F,C,G,G7",60
4,Am,"Am,F,C,G,G7",70
4,Am,"Am,F,C,G,G7",80
4,Am,"Am,F,C,G,G7",90
4,Am,"Am,F,C,G,G7",100
4,Am,"Am,F,C,G,G7",125
4,Am,"Am,F,C,G,G7",150
4,Am,"Am,F,C,G,G7",175
4,Am,"Am,F,C,G,G7",200
5,D,"D,G,Bm,A,A7",40
5,D,"D,G,Bm,A,A7",50
5,D,"D,G,Bm,A,A7",60
5,D,"D,G,Bm,A,A7",70
5,D,"D,G,Bm,A,A7",80
5,D,"D,G,Bm,A,A7",90
5,D,"D,G,Bm,A,A7",100
5,D,"D,G,Bm,A,A7",125
5,D,"D,G,Bm,A,A7",150
5,D,"D,G,Bm,A,A7",175
5,D,"D,G,Bm,A,A7",200
6,Bm,"Bm,G,D,A,A7",40
6,Bm,"Bm,G,D,A,A7",50
6,Bm,"Bm,G,D,A,A7",60
6,Bm,"Bm,G,D,A,A7",70
6,Bm,"Bm,G,D,A,A7",80
6,Bm,"Bm,G,D,A,A7",90
6,Bm,"Bm,G,D,A,A7",100
6,Bm,"Bm,G,D,A,A7",125
6,Bm,"Bm,G,D,A,A7",150
6,Bm,"Bm,G,D,A,A7",175
6,Bm,"Bm,G,D,A,A7",200
7,Am,"A,D,F#m,E,E7",40
7,Am,"A,D,F#m,E,E7",50
7,Am,"A,D,F#m,E,E7",60
7,Am,"A,D,F#m,E,E7",70
7,Am,"A,D,F#m,E,E7",80
7,Am,"A,D,F#m,E,E7",90
7,Am,"A,D,F#m,E,E7",100
7,Am,"A,D,F#m,E,E7",125
7,Am,"A,D,F#m,E,E7",150
7,Am,"A,D,F#m,E,E7",175
7,Am,"A,D,F#m,E,E7",200
8,F#m,"F#m,D,A,E,E7",40
8,F#m,"F#m,D,A,E,E7",50
8,F#m,"F#m,D,A,E,E7",60
8,F#m,"F#m,D,A,E,E7",70
8,F#m,"F#m,D,A,E,E7",80
8,F#m,"F#m,D,A,E,E7",90
8,F#m,"F#m,D,A,E,E7",100
8,F#m,"F#m,D,A,E,E7",125
8,F#m,"F#m,D,A,E,E7",150
8,F#m,"F#m,D,A,E,E7",175
8,F#m,"F#m,D,A,E,E7",200
9,Em,"E,A,C#m,B,B7",40
9,Em,"E,A,C#m,B,B7",50
9,Em,"E,A,C#m,B,B7",60
9,Em,"E,A,C#m,B,B7",70
9,Em,"E,A,C#m,B,B7",80
9,Em,"E,A,C#m,B,B7",90
9,Em,"E,A,C#m,B,B7",100
9,Em,"E,A,C#m,B,B7",125
9,Em,"E,A,C#m,B,B7",150
9,Em,"E,A,C#m,B,B7",175
9,Em,"E,A,C#m,B,B7",200
10,C#m,"C#m,A,E,B,B7",40
10,C#m,"C#m,A,E,B,B7",50
10,C#m,"C#m,A,E,B,B7",60
10,C#m,"C#m,A,E,B,B7",70
10,C#m,"C#m,A,E,B,B7",80
10,C#m,"C#m,A,E,B,B7",90
10,C#m,"C#m,A,E,B,B7",100
10,C#m,"C#m,A,E,B,B7",125
10,C#m,"C#m,A,E,B,B7",150
10,C#m,"C#m,A,E,B,B7",175
10,C#m,"C#m,A,E,B,B7",200
11,F#m,"F,Bb,Dm,C,C7",40
11,F#m,"F,Bb,Dm,C,C7",50
11,F#m,"F,Bb,Dm,C,C7",60
11,F#m,"F,Bb,Dm,C,C7",70
11,F#m,"F,Bb,Dm,C,C7",80
11,F#m,"F,Bb,Dm,C,C7",90
11,F#m,"F,Bb,Dm,C,C7",100
11,F#m,"F,Bb,Dm,C,C7",125
11,F#m,"F,Bb,Dm,C,C7",150
11,F#m,"F,Bb,Dm,C,C7",175
11,F#m,"F,Bb,Dm,C,C7",200
12,Dm,"Dm,Bb,F,C,C7",40
12,Dm,"Dm,Bb,F,C,C7",50
12,Dm,"Dm,Bb,F,C,C7",60
12,Dm,"Dm,Bb,F,C,C7",70
12,Dm,"Dm,Bb,F,C,C7",80
12,Dm,"Dm,Bb,F,C,C7",90
12,Dm,"Dm,Bb,F,C,C7",100
12,Dm,"Dm,Bb,F,C,C7",125
12,Dm,"Dm,Bb,F,C,C7",150
12,Dm,"Dm,Bb,F,C,C7",175
12,Dm,"Dm,Bb,F,C,C7",200
